{
  "Component-dbg.js": 1740060856457,
  "test/integration/pages/ConfirmationsList.js": 1740060857477,
  "test/integration/pages/ConfirmationsObjectPage.js": 1740060857477,
  "test/integration/opaTests.qunit.js": 1740060857097,
  "test/integration/FirstJourney.js": 1740060857565,
  "test/testsuite.qunit.js": 1740060857073,
  "xs-app.json": 1740062303602,
  "manifest.json": 1740062303722,
  "Component.js": 1740060856457,
  "test/integration/opaTests.qunit-dbg.js": 1740060857097,
  "test/integration/opaTests.qunit.js.map": 1740062336942,
  "test/integration/pages/ConfirmationsObjectPage-dbg.js": 1740060857477,
  "test/integration/pages/ConfirmationsObjectPage.js.map": 1740062336957,
  "test/integration/pages/ConfirmationsList-dbg.js": 1740060857477,
  "test/integration/pages/ConfirmationsList.js.map": 1740062336942,
  "test/integration/FirstJourney-dbg.js": 1740060857565,
  "test/integration/FirstJourney.js.map": 1740062336948,
  "test/testsuite.qunit-dbg.js": 1740060857073,
  "test/testsuite.qunit.js.map": 1740062336944,
  "i18n/i18n.properties": 1740060868337,
  "Component.js.map": 1740062336944,
  "Component-preload.js": 1740062337059,
  "Component-preload.js.map": 1740062337059,
  "test/integration/opaTests.qunit.html": 1740060857097,
  "test/testsuite.qunit.html": 1740060857033,
  "test/flpSandbox.html": 1740060857033,
  "index.html": 1740060856457
}